<?xml version="1.0" encoding="UTF-8"?>
<!DOCTYPE suite SYSTEM "https://testng.org/testng-1.0.dtd">
<suite name="Suite">
  <test name="Salespartner">
    <classes>
		   <class name="com.poddle.salespartnernew.Forgetpassword"/>
        <class name="com.poddle.salespartnernew.Login"/>
      <class name="com.poddle.salespartnernew.AddtimeslotN"/>
      <class name="com.poddle.salespartnernew.AddtimeslotAN"/>
      <class name="com.poddle.salespartnernew.Deleteavailability"/>
     <class name="com.poddle.salespartnernew.Logout"/>
     <class name="com.poddle.salespartnernew.Login2"/>
     <class name="com.poddle.salespartnernew.copyavailabilityM"/>
     <class name="com.poddle.salespartnernew.copyavailabilityC"/>
     <class name="com.poddle.salespartnernew.AddtimeslotAE"/>
     <class name="com.poddle.salespartnernew.Cancel"/>
     <class name="com.poddle.salespartnernew.calendarview"/>
     <class name="com.poddle.salespartnernew.scheduledappointment"/>
     <class name="com.poddle.salespartnernew.scheduledappointmentafterpaid"/>
     <class name="com.poddle.salespartnernew.Calendar"/>
     <class name="com.poddle.salespartnernew.cancelimgpoup"/>
    <class name="com.poddle.salespartnernew.image"/>
    <class name="com.poddle.salespartnernew.cropimg"/>
    <class name="com.poddle.salespartnernew.cancelcroppopup"/>
    <class name="com.poddle.salespartnernew.differentimg"/>
    <class name="com.poddle.salespartnernew.submissionrecords"/>
    <class name="com.poddle.salespartnernew.createappointment"/>
    <class name="com.poddle.salespartnernew.Filterforappointmentscheduled"/>
    <class name="com.poddle.salespartnernew.filterforappointmentnotscheduled"/>
    <class name="com.poddle.salespartnernew.searchforvalid"/>
    <class name="com.poddle.salespartnernew.searchforainvalid"/>
    <class name="com.poddle.salespartnernew.selectadayincalendarview"/>
    <class name="com.poddle.salespartnernew.selectadayincalendarviewfornorecords"/>
    <class name="com.poddle.salespartnernew.validatemybusiness"/>
    <class name="com.poddle.salespartnernew.searchinmybusiness"/>
    <class name="com.poddle.salespartnernew.searchinmybusinessforinvalid"/>
    
    </classes>
  </test> <!-- Test -->
</suite> <!-- Suite -->



